序号,链接,节点数
0,https://VYpZdG.absslk.xyz/7ccb3731324fc1a49449e0aca03ef270,37
1,https://gist.githubusercontent.com/peasoft/7907a8ee2a4fa5e80cd1bd006664442c/raw/,0
2,https://gitlab.com/colloq168/nodefiltrate/-/raw/main/filtrate?ref_type=heads,164
3,https://hVGtR6.mcsslk.xyz/dae186760495d8142fc71d360ed5e173,39
4,https://raw.githubusercontent.com/Alvin9999/pac2/master/clash.meta2/1/config.yaml,0
5,https://raw.githubusercontent.com/Alvin9999/pac2/master/clash.meta2/13/config.yaml,0
6,https://raw.githubusercontent.com/Alvin9999/pac2/master/clash.meta2/15/config.yaml,0
7,https://raw.githubusercontent.com/Alvin9999/pac2/master/clash.meta2/2/config.yaml,0
8,https://raw.githubusercontent.com/Alvin9999/pac2/master/clash.meta2/config.yaml,0
9,https://raw.githubusercontent.com/Huibq/TrojanLinks/master/links/vmess,0
10,https://raw.githubusercontent.com/Surfboardv2ray/TGParse/main/python/hy2,1
11,https://raw.githubusercontent.com/Surfboardv2ray/TGParse/main/python/hysteria2,6
12,https://raw.githubusercontent.com/qjlxg/hy2/main/splitted/hy2,57
13,https://raw.githubusercontent.com/ripaojiedian/freenode/main/clash,27
14,https://raw.githubusercontent.com/ripaojiedian/freenode/main/sub,28
15,https://raw.githubusercontent.com/zhangkaiitugithub/passcro/main/speednodes.yaml,64

总计,,376
